{"cameraMode":{"drawMode":0,"name":"Shaded","section":"Shading Mode"},"sceneLighting":true,"audioPlay":false,"sceneViewState":{"m_AlwaysRefresh":false,"showFog":true,"showSkybox":true,"showFlares":true,"showImageEffects":true,"showParticleSystems":true,"showVisualEffectGraphs":true,"m_FxEnabled":true},"in2DMode":false,"pivot":{"x":1440.93994140625,"y":289.04998779296877,"z":982.844482421875},"rotation":{"x":-0.003450367134064436,"y":0.9703278541564941,"z":-0.24364367127418519,"w":-0.013968179002404213},"size":110.89432525634766,"orthographic":false}